{"cameraMode":{"drawMode":0,"name":"Shaded","section":"Shading Mode"},"sceneLighting":true,"audioPlay":false,"sceneViewState":{"m_AlwaysRefresh":false,"showFog":true,"showSkybox":true,"showFlares":true,"showImageEffects":true,"showParticleSystems":true,"showVisualEffectGraphs":true,"m_FxEnabled":true},"in2DMode":false,"pivot":{"x":33.232147216796878,"y":-7.635345458984375,"z":58.012062072753909},"rotation":{"x":0.23052643239498139,"y":0.35619401931762698,"z":-0.0911402478814125,"w":0.9009336233139038},"size":52.81886291503906,"orthographic":false}