{"cameraMode":{"drawMode":0,"name":"Shaded","section":"Shading Mode"},"sceneLighting":true,"audioPlay":false,"sceneViewState":{"m_AlwaysRefresh":false,"showFog":true,"showSkybox":true,"showFlares":true,"showImageEffects":true,"showParticleSystems":true,"showVisualEffectGraphs":true,"m_FxEnabled":true},"in2DMode":false,"pivot":{"x":-18.800518035888673,"y":-0.5523076057434082,"z":-1.8775372505187989},"rotation":{"x":0.10629269480705261,"y":-0.010440055280923844,"z":0.0011163664748892189,"w":0.9942787885665894},"size":17.899105072021486,"orthographic":false}