{"cameraMode":{"drawMode":0,"name":"Shaded","section":"Shading Mode"},"sceneLighting":true,"audioPlay":false,"sceneViewState":{"m_AlwaysRefresh":false,"showFog":true,"showSkybox":true,"showFlares":true,"showImageEffects":true,"showParticleSystems":true,"showVisualEffectGraphs":true,"m_FxEnabled":true},"in2DMode":false,"pivot":{"x":0.41797101497650149,"y":-0.0002913475036621094,"z":-1.5728819370269776},"rotation":{"x":-0.04025542736053467,"y":0.9527319073677063,"z":-0.1454533487558365,"w":-0.26367634534835818},"size":2.7959015369415285,"orthographic":false}